<annotation>
	<folder>badger_resized</folder>
	<filename>baby-badger-drinking-figurine.jpg</filename>
	<path>C:\Users\pavol.bujna\Downloads\Jetson Nano\images\badger_resized\baby-badger-drinking-figurine.jpg</path>
	<source>
		<database>Unknown</database>
	</source>
	<size>
		<width>720</width>
		<height>540</height>
		<depth>3</depth>
	</size>
	<segmented>0</segmented>
	<object>
		<name>badger</name>
		<pose>Unspecified</pose>
		<truncated>1</truncated>
		<difficult>0</difficult>
		<bndbox>
			<xmin>16</xmin>
			<ymin>72</ymin>
			<xmax>720</xmax>
			<ymax>436</ymax>
		</bndbox>
	</object>
</annotation>
