<annotation>
	<folder>badger_resized</folder>
	<filename>badger_flickr_cloudtail-720x407.jpg</filename>
	<path>C:\Users\pavol.bujna\Downloads\Jetson Nano\images\badger_resized\badger_flickr_cloudtail-720x407.jpg</path>
	<source>
		<database>Unknown</database>
	</source>
	<size>
		<width>720</width>
		<height>407</height>
		<depth>3</depth>
	</size>
	<segmented>0</segmented>
	<object>
		<name>badger</name>
		<pose>Unspecified</pose>
		<truncated>0</truncated>
		<difficult>0</difficult>
		<bndbox>
			<xmin>136</xmin>
			<ymin>46</ymin>
			<xmax>652</xmax>
			<ymax>402</ymax>
		</bndbox>
	</object>
</annotation>
