<annotation>
	<folder>badger_resized</folder>
	<filename>badger-in-garden-feeding-on-peanuts-alamy-f1nth1-mike-bryant.jpg</filename>
	<path>C:\Users\pavol.bujna\Downloads\Jetson Nano\images\badger_resized\badger-in-garden-feeding-on-peanuts-alamy-f1nth1-mike-bryant.jpg</path>
	<source>
		<database>Unknown</database>
	</source>
	<size>
		<width>720</width>
		<height>405</height>
		<depth>3</depth>
	</size>
	<segmented>0</segmented>
	<object>
		<name>badger</name>
		<pose>Unspecified</pose>
		<truncated>0</truncated>
		<difficult>0</difficult>
		<bndbox>
			<xmin>425</xmin>
			<ymin>168</ymin>
			<xmax>653</xmax>
			<ymax>365</ymax>
		</bndbox>
	</object>
</annotation>
