<annotation>
	<folder>badger_resized</folder>
	<filename>badgers Adrian Hinchliffe brighter for web.jpg</filename>
	<path>C:\Users\pavol.bujna\Downloads\Jetson Nano\images\badger_resized\badgers Adrian Hinchliffe brighter for web.jpg</path>
	<source>
		<database>Unknown</database>
	</source>
	<size>
		<width>720</width>
		<height>572</height>
		<depth>3</depth>
	</size>
	<segmented>0</segmented>
	<object>
		<name>badger</name>
		<pose>Unspecified</pose>
		<truncated>0</truncated>
		<difficult>0</difficult>
		<bndbox>
			<xmin>165</xmin>
			<ymin>307</ymin>
			<xmax>314</xmax>
			<ymax>443</ymax>
		</bndbox>
	</object>
	<object>
		<name>badger</name>
		<pose>Unspecified</pose>
		<truncated>0</truncated>
		<difficult>0</difficult>
		<bndbox>
			<xmin>242</xmin>
			<ymin>220</ymin>
			<xmax>467</xmax>
			<ymax>411</ymax>
		</bndbox>
	</object>
</annotation>
