<annotation>
	<folder>badger_resized</folder>
	<filename>badger_wide-30527cd87ebf667e1a70fb4a07ba6f67eabb457c.jpg</filename>
	<path>C:\Users\pavol.bujna\Downloads\Jetson Nano\images\badger_resized\badger_wide-30527cd87ebf667e1a70fb4a07ba6f67eabb457c.jpg</path>
	<source>
		<database>Unknown</database>
	</source>
	<size>
		<width>720</width>
		<height>405</height>
		<depth>3</depth>
	</size>
	<segmented>0</segmented>
	<object>
		<name>badger</name>
		<pose>Unspecified</pose>
		<truncated>0</truncated>
		<difficult>0</difficult>
		<bndbox>
			<xmin>297</xmin>
			<ymin>181</ymin>
			<xmax>417</xmax>
			<ymax>341</ymax>
		</bndbox>
	</object>
</annotation>
