<annotation>
	<folder>badger_resized</folder>
	<filename>badger_shutter_167277821.jpg</filename>
	<path>C:\Users\pavol.bujna\Downloads\Jetson Nano\images\badger_resized\badger_shutter_167277821.jpg</path>
	<source>
		<database>Unknown</database>
	</source>
	<size>
		<width>720</width>
		<height>405</height>
		<depth>3</depth>
	</size>
	<segmented>0</segmented>
	<object>
		<name>badger</name>
		<pose>Unspecified</pose>
		<truncated>0</truncated>
		<difficult>0</difficult>
		<bndbox>
			<xmin>162</xmin>
			<ymin>30</ymin>
			<xmax>523</xmax>
			<ymax>348</ymax>
		</bndbox>
	</object>
</annotation>
