<annotation>
	<folder>badger_resized</folder>
	<filename>badger_emerging_from_sett.jpg</filename>
	<path>C:\Users\pavol.bujna\Downloads\Jetson Nano\images\badger_resized\badger_emerging_from_sett.jpg</path>
	<source>
		<database>Unknown</database>
	</source>
	<size>
		<width>720</width>
		<height>417</height>
		<depth>3</depth>
	</size>
	<segmented>0</segmented>
	<object>
		<name>badger</name>
		<pose>Unspecified</pose>
		<truncated>0</truncated>
		<difficult>0</difficult>
		<bndbox>
			<xmin>268</xmin>
			<ymin>118</ymin>
			<xmax>544</xmax>
			<ymax>346</ymax>
		</bndbox>
	</object>
</annotation>
