<annotation>
	<folder>badger_resized</folder>
	<filename>badger-spirit-animal.jpg</filename>
	<path>C:\Users\pavol.bujna\Downloads\Jetson Nano\images\badger_resized\badger-spirit-animal.jpg</path>
	<source>
		<database>Unknown</database>
	</source>
	<size>
		<width>720</width>
		<height>540</height>
		<depth>3</depth>
	</size>
	<segmented>0</segmented>
	<object>
		<name>badger</name>
		<pose>Unspecified</pose>
		<truncated>0</truncated>
		<difficult>0</difficult>
		<bndbox>
			<xmin>49</xmin>
			<ymin>88</ymin>
			<xmax>618</xmax>
			<ymax>522</ymax>
		</bndbox>
	</object>
</annotation>
