<annotation>
	<folder>badger_resized</folder>
	<filename>badgers-3790321_1920.jpg</filename>
	<path>C:\Users\pavol.bujna\Downloads\Jetson Nano\images\badger_resized\badgers-3790321_1920.jpg</path>
	<source>
		<database>Unknown</database>
	</source>
	<size>
		<width>720</width>
		<height>720</height>
		<depth>3</depth>
	</size>
	<segmented>0</segmented>
	<object>
		<name>badger</name>
		<pose>Unspecified</pose>
		<truncated>0</truncated>
		<difficult>0</difficult>
		<bndbox>
			<xmin>80</xmin>
			<ymin>320</ymin>
			<xmax>340</xmax>
			<ymax>493</ymax>
		</bndbox>
	</object>
	<object>
		<name>badger</name>
		<pose>Unspecified</pose>
		<truncated>0</truncated>
		<difficult>0</difficult>
		<bndbox>
			<xmin>52</xmin>
			<ymin>204</ymin>
			<xmax>487</xmax>
			<ymax>383</ymax>
		</bndbox>
	</object>
	<object>
		<name>badger</name>
		<pose>Unspecified</pose>
		<truncated>0</truncated>
		<difficult>0</difficult>
		<bndbox>
			<xmin>442</xmin>
			<ymin>298</ymin>
			<xmax>676</xmax>
			<ymax>532</ymax>
		</bndbox>
	</object>
</annotation>
