<annotation>
	<folder>badger_resized</folder>
	<filename>badger-male-close-up-eats-peanuts-alamy-ef41m7-toby-houlton.jpg</filename>
	<path>C:\Users\pavol.bujna\Downloads\Jetson Nano\images\badger_resized\badger-male-close-up-eats-peanuts-alamy-ef41m7-toby-houlton.jpg</path>
	<source>
		<database>Unknown</database>
	</source>
	<size>
		<width>720</width>
		<height>405</height>
		<depth>3</depth>
	</size>
	<segmented>0</segmented>
	<object>
		<name>badger</name>
		<pose>Unspecified</pose>
		<truncated>1</truncated>
		<difficult>0</difficult>
		<bndbox>
			<xmin>167</xmin>
			<ymin>1</ymin>
			<xmax>525</xmax>
			<ymax>346</ymax>
		</bndbox>
	</object>
</annotation>
