<annotation>
	<folder>badger_resized</folder>
	<filename>badger-American-cubs.jpg</filename>
	<path>C:\Users\pavol.bujna\Downloads\Jetson Nano\images\badger_resized\badger-American-cubs.jpg</path>
	<source>
		<database>Unknown</database>
	</source>
	<size>
		<width>720</width>
		<height>480</height>
		<depth>3</depth>
	</size>
	<segmented>0</segmented>
	<object>
		<name>badger</name>
		<pose>Unspecified</pose>
		<truncated>0</truncated>
		<difficult>0</difficult>
		<bndbox>
			<xmin>22</xmin>
			<ymin>133</ymin>
			<xmax>292</xmax>
			<ymax>319</ymax>
		</bndbox>
	</object>
	<object>
		<name>badger</name>
		<pose>Unspecified</pose>
		<truncated>0</truncated>
		<difficult>0</difficult>
		<bndbox>
			<xmin>200</xmin>
			<ymin>165</ymin>
			<xmax>394</xmax>
			<ymax>274</ymax>
		</bndbox>
	</object>
	<object>
		<name>badger</name>
		<pose>Unspecified</pose>
		<truncated>0</truncated>
		<difficult>0</difficult>
		<bndbox>
			<xmin>345</xmin>
			<ymin>111</ymin>
			<xmax>623</xmax>
			<ymax>298</ymax>
		</bndbox>
	</object>
</annotation>
