<annotation>
	<folder>badger_resized</folder>
	<filename>badger-animal-meles-meles.jpg</filename>
	<path>C:\Users\pavol.bujna\Downloads\Jetson Nano\images\badger_resized\badger-animal-meles-meles.jpg</path>
	<source>
		<database>Unknown</database>
	</source>
	<size>
		<width>720</width>
		<height>503</height>
		<depth>3</depth>
	</size>
	<segmented>0</segmented>
	<object>
		<name>badger</name>
		<pose>Unspecified</pose>
		<truncated>0</truncated>
		<difficult>0</difficult>
		<bndbox>
			<xmin>95</xmin>
			<ymin>34</ymin>
			<xmax>675</xmax>
			<ymax>491</ymax>
		</bndbox>
	</object>
</annotation>
