<annotation>
	<folder>badger_resized</folder>
	<filename>badger-symbolism-meaning-720x378.jpg</filename>
	<path>C:\Users\pavol.bujna\Downloads\Jetson Nano\images\badger_resized\badger-symbolism-meaning-720x378.jpg</path>
	<source>
		<database>Unknown</database>
	</source>
	<size>
		<width>720</width>
		<height>378</height>
		<depth>3</depth>
	</size>
	<segmented>0</segmented>
	<object>
		<name>badger</name>
		<pose>Unspecified</pose>
		<truncated>0</truncated>
		<difficult>0</difficult>
		<bndbox>
			<xmin>83</xmin>
			<ymin>25</ymin>
			<xmax>605</xmax>
			<ymax>341</ymax>
		</bndbox>
	</object>
</annotation>
