<annotation>
	<folder>badger_resized</folder>
	<filename>badger_carrying_bread.jpg</filename>
	<path>C:\Users\pavol.bujna\Downloads\Jetson Nano\images\badger_resized\badger_carrying_bread.jpg</path>
	<source>
		<database>Unknown</database>
	</source>
	<size>
		<width>720</width>
		<height>480</height>
		<depth>3</depth>
	</size>
	<segmented>0</segmented>
	<object>
		<name>badger</name>
		<pose>Unspecified</pose>
		<truncated>0</truncated>
		<difficult>0</difficult>
		<bndbox>
			<xmin>34</xmin>
			<ymin>58</ymin>
			<xmax>708</xmax>
			<ymax>417</ymax>
		</bndbox>
	</object>
</annotation>
