<annotation>
	<folder>fox_resized</folder>
	<filename>bat-eared-fox-02.jpg</filename>
	<path>C:\Users\pavol.bujna\Downloads\Jetson Nano\images\fox_resized\bat-eared-fox-02.jpg</path>
	<source>
		<database>Unknown</database>
	</source>
	<size>
		<width>720</width>
		<height>480</height>
		<depth>3</depth>
	</size>
	<segmented>0</segmented>
	<object>
		<name>fox</name>
		<pose>Unspecified</pose>
		<truncated>0</truncated>
		<difficult>0</difficult>
		<bndbox>
			<xmin>190</xmin>
			<ymin>4</ymin>
			<xmax>582</xmax>
			<ymax>478</ymax>
		</bndbox>
	</object>
</annotation>
