<annotation>
	<folder>fox_resized</folder>
	<filename>black-silver-fox-271__880.jpg</filename>
	<path>C:\Users\pavol.bujna\Downloads\Jetson Nano\images\fox_resized\black-silver-fox-271__880.jpg</path>
	<source>
		<database>Unknown</database>
	</source>
	<size>
		<width>720</width>
		<height>508</height>
		<depth>3</depth>
	</size>
	<segmented>0</segmented>
	<object>
		<name>fox</name>
		<pose>Unspecified</pose>
		<truncated>0</truncated>
		<difficult>0</difficult>
		<bndbox>
			<xmin>94</xmin>
			<ymin>17</ymin>
			<xmax>620</xmax>
			<ymax>450</ymax>
		</bndbox>
	</object>
</annotation>
