<annotation>
	<folder>badger_resized</folder>
	<filename>c-Dereck-Keats-honey-badger-moving-baby.jpg</filename>
	<path>C:\Users\pavol.bujna\Downloads\Jetson Nano\images\badger_resized\c-Dereck-Keats-honey-badger-moving-baby.jpg</path>
	<source>
		<database>Unknown</database>
	</source>
	<size>
		<width>720</width>
		<height>405</height>
		<depth>3</depth>
	</size>
	<segmented>0</segmented>
	<object>
		<name>badger</name>
		<pose>Unspecified</pose>
		<truncated>0</truncated>
		<difficult>0</difficult>
		<bndbox>
			<xmin>18</xmin>
			<ymin>85</ymin>
			<xmax>542</xmax>
			<ymax>371</ymax>
		</bndbox>
	</object>
</annotation>
