<annotation>
	<folder>fox_resized</folder>
	<filename>can-you-keep-a-fennec-fox-in-the-uk-as-a-pet-53cf959ca2ed9.jpg</filename>
	<path>C:\Users\pavol.bujna\Downloads\Jetson Nano\images\fox_resized\can-you-keep-a-fennec-fox-in-the-uk-as-a-pet-53cf959ca2ed9.jpg</path>
	<source>
		<database>Unknown</database>
	</source>
	<size>
		<width>720</width>
		<height>480</height>
		<depth>3</depth>
	</size>
	<segmented>0</segmented>
	<object>
		<name>fox</name>
		<pose>Unspecified</pose>
		<truncated>0</truncated>
		<difficult>0</difficult>
		<bndbox>
			<xmin>165</xmin>
			<ymin>43</ymin>
			<xmax>620</xmax>
			<ymax>479</ymax>
		</bndbox>
	</object>
</annotation>
