<annotation>
	<folder>fox_resized</folder>
	<filename>Carissa Twloha Marie - Arctic x red fox.jpg.opt720x522o0_0s720x522.jpg</filename>
	<path>C:\Users\pavol.bujna\Downloads\Jetson Nano\images\fox_resized\Carissa Twloha Marie - Arctic x red fox.jpg.opt720x522o0_0s720x522.jpg</path>
	<source>
		<database>Unknown</database>
	</source>
	<size>
		<width>720</width>
		<height>522</height>
		<depth>3</depth>
	</size>
	<segmented>0</segmented>
	<object>
		<name>fox</name>
		<pose>Unspecified</pose>
		<truncated>0</truncated>
		<difficult>0</difficult>
		<bndbox>
			<xmin>39</xmin>
			<ymin>102</ymin>
			<xmax>678</xmax>
			<ymax>488</ymax>
		</bndbox>
	</object>
</annotation>
