<annotation>
	<folder>badger_resized</folder>
	<filename>Cornish-badger-(c)Seth-Jackson.jpg</filename>
	<path>C:\Users\pavol.bujna\Downloads\Jetson Nano\images\badger_resized\Cornish-badger-(c)Seth-Jackson.jpg</path>
	<source>
		<database>Unknown</database>
	</source>
	<size>
		<width>720</width>
		<height>404</height>
		<depth>3</depth>
	</size>
	<segmented>0</segmented>
	<object>
		<name>badger</name>
		<pose>Unspecified</pose>
		<truncated>0</truncated>
		<difficult>0</difficult>
		<bndbox>
			<xmin>243</xmin>
			<ymin>56</ymin>
			<xmax>709</xmax>
			<ymax>380</ymax>
		</bndbox>
	</object>
</annotation>
