<annotation>
	<folder>badger_resized</folder>
	<filename>damp_badger_cub.jpg</filename>
	<path>C:\Users\pavol.bujna\Downloads\Jetson Nano\images\badger_resized\damp_badger_cub.jpg</path>
	<source>
		<database>Unknown</database>
	</source>
	<size>
		<width>720</width>
		<height>453</height>
		<depth>3</depth>
	</size>
	<segmented>0</segmented>
	<object>
		<name>badger</name>
		<pose>Unspecified</pose>
		<truncated>0</truncated>
		<difficult>0</difficult>
		<bndbox>
			<xmin>300</xmin>
			<ymin>180</ymin>
			<xmax>669</xmax>
			<ymax>429</ymax>
		</bndbox>
	</object>
</annotation>
