<annotation>
	<folder>fox_resized</folder>
	<filename>englishtown-fox.jpg</filename>
	<path>C:\Users\pavol.bujna\Downloads\Jetson Nano\images\fox_resized\englishtown-fox.jpg</path>
	<source>
		<database>Unknown</database>
	</source>
	<size>
		<width>720</width>
		<height>405</height>
		<depth>3</depth>
	</size>
	<segmented>0</segmented>
	<object>
		<name>fox</name>
		<pose>Unspecified</pose>
		<truncated>0</truncated>
		<difficult>0</difficult>
		<bndbox>
			<xmin>392</xmin>
			<ymin>161</ymin>
			<xmax>636</xmax>
			<ymax>373</ymax>
		</bndbox>
	</object>
</annotation>
