<annotation>
	<folder>badger_resized</folder>
	<filename>erythristic_with_normal_badger.jpg</filename>
	<path>C:\Users\pavol.bujna\Downloads\Jetson Nano\images\badger_resized\erythristic_with_normal_badger.jpg</path>
	<source>
		<database>Unknown</database>
	</source>
	<size>
		<width>720</width>
		<height>452</height>
		<depth>3</depth>
	</size>
	<segmented>0</segmented>
	<object>
		<name>badger</name>
		<pose>Unspecified</pose>
		<truncated>0</truncated>
		<difficult>0</difficult>
		<bndbox>
			<xmin>48</xmin>
			<ymin>141</ymin>
			<xmax>354</xmax>
			<ymax>392</ymax>
		</bndbox>
	</object>
	<object>
		<name>badger</name>
		<pose>Unspecified</pose>
		<truncated>0</truncated>
		<difficult>0</difficult>
		<bndbox>
			<xmin>234</xmin>
			<ymin>188</ymin>
			<xmax>498</xmax>
			<ymax>420</ymax>
		</bndbox>
	</object>
	<object>
		<name>badger</name>
		<pose>Unspecified</pose>
		<truncated>0</truncated>
		<difficult>0</difficult>
		<bndbox>
			<xmin>473</xmin>
			<ymin>119</ymin>
			<xmax>691</xmax>
			<ymax>413</ymax>
		</bndbox>
	</object>
</annotation>
