<annotation>
	<folder>badger_resized</folder>
	<filename>european-badger-foraging-in-grassland-with-wildflowers-at-forest-edge-picture-id1172550108.jpg</filename>
	<path>C:\Users\pavol.bujna\Downloads\Jetson Nano\images\badger_resized\european-badger-foraging-in-grassland-with-wildflowers-at-forest-edge-picture-id1172550108.jpg</path>
	<source>
		<database>Unknown</database>
	</source>
	<size>
		<width>720</width>
		<height>555</height>
		<depth>3</depth>
	</size>
	<segmented>0</segmented>
	<object>
		<name>badger</name>
		<pose>Unspecified</pose>
		<truncated>1</truncated>
		<difficult>0</difficult>
		<bndbox>
			<xmin>1</xmin>
			<ymin>75</ymin>
			<xmax>640</xmax>
			<ymax>491</ymax>
		</bndbox>
	</object>
</annotation>
