<annotation>
	<folder>badger_resized</folder>
	<filename>european-badger-foraging-along-animal-trail-wildlife-track-in-at-picture-id1172550018.jpg</filename>
	<path>C:\Users\pavol.bujna\Downloads\Jetson Nano\images\badger_resized\european-badger-foraging-along-animal-trail-wildlife-track-in-at-picture-id1172550018.jpg</path>
	<source>
		<database>Unknown</database>
	</source>
	<size>
		<width>720</width>
		<height>480</height>
		<depth>3</depth>
	</size>
	<segmented>0</segmented>
	<object>
		<name>badger</name>
		<pose>Unspecified</pose>
		<truncated>0</truncated>
		<difficult>0</difficult>
		<bndbox>
			<xmin>184</xmin>
			<ymin>121</ymin>
			<xmax>368</xmax>
			<ymax>317</ymax>
		</bndbox>
	</object>
</annotation>
