<annotation>
	<folder>fox_resized</folder>
	<filename>forest-animal-wildlife-fur-mammal-fox-fauna-red-fox-eye-vertebrate-dog-like-mammal-kit-fox-dhole-gre.jpg</filename>
	<path>C:\Users\pavol.bujna\Downloads\Jetson Nano\images\fox_resized\forest-animal-wildlife-fur-mammal-fox-fauna-red-fox-eye-vertebrate-dog-like-mammal-kit-fox-dhole-gre.jpg</path>
	<source>
		<database>Unknown</database>
	</source>
	<size>
		<width>720</width>
		<height>1080</height>
		<depth>3</depth>
	</size>
	<segmented>0</segmented>
	<object>
		<name>fox</name>
		<pose>Unspecified</pose>
		<truncated>0</truncated>
		<difficult>0</difficult>
		<bndbox>
			<xmin>111</xmin>
			<ymin>190</ymin>
			<xmax>579</xmax>
			<ymax>894</ymax>
		</bndbox>
	</object>
</annotation>
