<annotation>
	<folder>fox_resized</folder>
	<filename>fox-pup-peeking-out-of-den.jpg</filename>
	<path>C:\Users\pavol.bujna\Downloads\Jetson Nano\images\fox_resized\fox-pup-peeking-out-of-den.jpg</path>
	<source>
		<database>Unknown</database>
	</source>
	<size>
		<width>720</width>
		<height>480</height>
		<depth>3</depth>
	</size>
	<segmented>0</segmented>
	<object>
		<name>fox</name>
		<pose>Unspecified</pose>
		<truncated>0</truncated>
		<difficult>0</difficult>
		<bndbox>
			<xmin>197</xmin>
			<ymin>84</ymin>
			<xmax>463</xmax>
			<ymax>360</ymax>
		</bndbox>
	</object>
</annotation>
