<annotation>
	<folder>fox_resized</folder>
	<filename>fox-985292_1920-5c37da4e46e0fb00012c0c02.jpg</filename>
	<path>C:\Users\pavol.bujna\Downloads\Jetson Nano\images\fox_resized\fox-985292_1920-5c37da4e46e0fb00012c0c02.jpg</path>
	<source>
		<database>Unknown</database>
	</source>
	<size>
		<width>720</width>
		<height>476</height>
		<depth>3</depth>
	</size>
	<segmented>0</segmented>
	<object>
		<name>fox</name>
		<pose>Unspecified</pose>
		<truncated>0</truncated>
		<difficult>0</difficult>
		<bndbox>
			<xmin>153</xmin>
			<ymin>22</ymin>
			<xmax>485</xmax>
			<ymax>464</ymax>
		</bndbox>
	</object>
</annotation>
