<annotation>
	<folder>fox_resized</folder>
	<filename>fox-cesarean-11.jpg</filename>
	<path>C:\Users\pavol.bujna\Downloads\Jetson Nano\images\fox_resized\fox-cesarean-11.jpg</path>
	<source>
		<database>Unknown</database>
	</source>
	<size>
		<width>720</width>
		<height>1280</height>
		<depth>3</depth>
	</size>
	<segmented>0</segmented>
	<object>
		<name>fox</name>
		<pose>Unspecified</pose>
		<truncated>0</truncated>
		<difficult>0</difficult>
		<bndbox>
			<xmin>144</xmin>
			<ymin>138</ymin>
			<xmax>600</xmax>
			<ymax>1057</ymax>
		</bndbox>
	</object>
</annotation>
