<annotation>
	<folder>fox_resized</folder>
	<filename>fox-ElaineMillerBond-2.small--720x480.jpg</filename>
	<path>C:\Users\pavol.bujna\Downloads\Jetson Nano\images\fox_resized\fox-ElaineMillerBond-2.small--720x480.jpg</path>
	<source>
		<database>Unknown</database>
	</source>
	<size>
		<width>720</width>
		<height>480</height>
		<depth>3</depth>
	</size>
	<segmented>0</segmented>
	<object>
		<name>fox</name>
		<pose>Unspecified</pose>
		<truncated>1</truncated>
		<difficult>0</difficult>
		<bndbox>
			<xmin>73</xmin>
			<ymin>2</ymin>
			<xmax>694</xmax>
			<ymax>480</ymax>
		</bndbox>
	</object>
</annotation>
