<annotation>
	<folder>fox_resized</folder>
	<filename>fox-species-photography-7-1.jpg</filename>
	<path>C:\Users\pavol.bujna\Downloads\Jetson Nano\images\fox_resized\fox-species-photography-7-1.jpg</path>
	<source>
		<database>Unknown</database>
	</source>
	<size>
		<width>720</width>
		<height>799</height>
		<depth>3</depth>
	</size>
	<segmented>0</segmented>
	<object>
		<name>fox</name>
		<pose>Unspecified</pose>
		<truncated>0</truncated>
		<difficult>0</difficult>
		<bndbox>
			<xmin>232</xmin>
			<ymin>91</ymin>
			<xmax>708</xmax>
			<ymax>751</ymax>
		</bndbox>
	</object>
</annotation>
