<annotation>
	<folder>fox_resized</folder>
	<filename>fox_leicester riverside_BarryIngram_26Jan10.jpg</filename>
	<path>C:\Users\pavol.bujna\Downloads\Jetson Nano\images\fox_resized\fox_leicester riverside_BarryIngram_26Jan10.jpg</path>
	<source>
		<database>Unknown</database>
	</source>
	<size>
		<width>720</width>
		<height>609</height>
		<depth>3</depth>
	</size>
	<segmented>0</segmented>
	<object>
		<name>fox</name>
		<pose>Unspecified</pose>
		<truncated>0</truncated>
		<difficult>0</difficult>
		<bndbox>
			<xmin>272</xmin>
			<ymin>90</ymin>
			<xmax>671</xmax>
			<ymax>565</ymax>
		</bndbox>
	</object>
</annotation>
