<annotation>
	<folder>fox_resized</folder>
	<filename>fox_by_earth.jpg</filename>
	<path>C:\Users\pavol.bujna\Downloads\Jetson Nano\images\fox_resized\fox_by_earth.jpg</path>
	<source>
		<database>Unknown</database>
	</source>
	<size>
		<width>720</width>
		<height>478</height>
		<depth>3</depth>
	</size>
	<segmented>0</segmented>
	<object>
		<name>fox</name>
		<pose>Unspecified</pose>
		<truncated>0</truncated>
		<difficult>0</difficult>
		<bndbox>
			<xmin>80</xmin>
			<ymin>56</ymin>
			<xmax>436</xmax>
			<ymax>434</ymax>
		</bndbox>
	</object>
</annotation>
