<annotation>
	<folder>fox_resized</folder>
	<filename>foxAZ2_800v1.jpg</filename>
	<path>C:\Users\pavol.bujna\Downloads\Jetson Nano\images\fox_resized\foxAZ2_800v1.jpg</path>
	<source>
		<database>Unknown</database>
	</source>
	<size>
		<width>720</width>
		<height>508</height>
		<depth>3</depth>
	</size>
	<segmented>0</segmented>
	<object>
		<name>fox</name>
		<pose>Unspecified</pose>
		<truncated>0</truncated>
		<difficult>0</difficult>
		<bndbox>
			<xmin>132</xmin>
			<ymin>140</ymin>
			<xmax>601</xmax>
			<ymax>302</ymax>
		</bndbox>
	</object>
</annotation>
