<annotation>
	<folder>fox_resized</folder>
	<filename>foxy-face-fox-9867209-720-481.jpg</filename>
	<path>C:\Users\pavol.bujna\Downloads\Jetson Nano\images\fox_resized\foxy-face-fox-9867209-720-481.jpg</path>
	<source>
		<database>Unknown</database>
	</source>
	<size>
		<width>720</width>
		<height>481</height>
		<depth>3</depth>
	</size>
	<segmented>0</segmented>
	<object>
		<name>fox</name>
		<pose>Unspecified</pose>
		<truncated>1</truncated>
		<difficult>0</difficult>
		<bndbox>
			<xmin>9</xmin>
			<ymin>1</ymin>
			<xmax>636</xmax>
			<ymax>475</ymax>
		</bndbox>
	</object>
</annotation>
