<annotation>
	<folder>fox_resized</folder>
	<filename>garden-foxes.jpg</filename>
	<path>C:\Users\pavol.bujna\Downloads\Jetson Nano\images\fox_resized\garden-foxes.jpg</path>
	<source>
		<database>Unknown</database>
	</source>
	<size>
		<width>720</width>
		<height>480</height>
		<depth>3</depth>
	</size>
	<segmented>0</segmented>
	<object>
		<name>fox</name>
		<pose>Unspecified</pose>
		<truncated>0</truncated>
		<difficult>0</difficult>
		<bndbox>
			<xmin>139</xmin>
			<ymin>78</ymin>
			<xmax>239</xmax>
			<ymax>215</ymax>
		</bndbox>
	</object>
	<object>
		<name>fox</name>
		<pose>Unspecified</pose>
		<truncated>0</truncated>
		<difficult>0</difficult>
		<bndbox>
			<xmin>79</xmin>
			<ymin>308</ymin>
			<xmax>263</xmax>
			<ymax>462</ymax>
		</bndbox>
	</object>
	<object>
		<name>fox</name>
		<pose>Unspecified</pose>
		<truncated>0</truncated>
		<difficult>0</difficult>
		<bndbox>
			<xmin>432</xmin>
			<ymin>191</ymin>
			<xmax>555</xmax>
			<ymax>322</ymax>
		</bndbox>
	</object>
	<object>
		<name>fox</name>
		<pose>Unspecified</pose>
		<truncated>0</truncated>
		<difficult>0</difficult>
		<bndbox>
			<xmin>356</xmin>
			<ymin>139</ymin>
			<xmax>515</xmax>
			<ymax>267</ymax>
		</bndbox>
	</object>
</annotation>
