<annotation>
	<folder>badger_resized</folder>
	<filename>greetcard_european-badger_SI24929-e1407150267741.jpg</filename>
	<path>C:\Users\pavol.bujna\Downloads\Jetson Nano\images\badger_resized\greetcard_european-badger_SI24929-e1407150267741.jpg</path>
	<source>
		<database>Unknown</database>
	</source>
	<size>
		<width>720</width>
		<height>720</height>
		<depth>3</depth>
	</size>
	<segmented>0</segmented>
	<object>
		<name>badger</name>
		<pose>Unspecified</pose>
		<truncated>0</truncated>
		<difficult>0</difficult>
		<bndbox>
			<xmin>68</xmin>
			<ymin>96</ymin>
			<xmax>677</xmax>
			<ymax>691</ymax>
		</bndbox>
	</object>
</annotation>
