<annotation>
	<folder>badger_resized</folder>
	<filename>honey-badger-burrowing-richard-miller-720x476.jpg</filename>
	<path>C:\Users\pavol.bujna\Downloads\Jetson Nano\images\badger_resized\honey-badger-burrowing-richard-miller-720x476.jpg</path>
	<source>
		<database>Unknown</database>
	</source>
	<size>
		<width>720</width>
		<height>476</height>
		<depth>3</depth>
	</size>
	<segmented>0</segmented>
	<object>
		<name>badger</name>
		<pose>Unspecified</pose>
		<truncated>0</truncated>
		<difficult>0</difficult>
		<bndbox>
			<xmin>53</xmin>
			<ymin>61</ymin>
			<xmax>453</xmax>
			<ymax>424</ymax>
		</bndbox>
	</object>
</annotation>
