<annotation>
	<folder>badger_resized</folder>
	<filename>Honey-badger-facts-you-should-know.jpg</filename>
	<path>C:\Users\pavol.bujna\Downloads\Jetson Nano\images\badger_resized\Honey-badger-facts-you-should-know.jpg</path>
	<source>
		<database>Unknown</database>
	</source>
	<size>
		<width>720</width>
		<height>405</height>
		<depth>3</depth>
	</size>
	<segmented>0</segmented>
	<object>
		<name>badger</name>
		<pose>Unspecified</pose>
		<truncated>0</truncated>
		<difficult>0</difficult>
		<bndbox>
			<xmin>173</xmin>
			<ymin>7</ymin>
			<xmax>586</xmax>
			<ymax>404</ymax>
		</bndbox>
	</object>
</annotation>
