<annotation>
	<folder>badger_resized</folder>
	<filename>honey-badger-header.jpg</filename>
	<path>C:\Users\pavol.bujna\Downloads\Jetson Nano\images\badger_resized\honey-badger-header.jpg</path>
	<source>
		<database>Unknown</database>
	</source>
	<size>
		<width>720</width>
		<height>231</height>
		<depth>3</depth>
	</size>
	<segmented>0</segmented>
	<object>
		<name>badger</name>
		<pose>Unspecified</pose>
		<truncated>1</truncated>
		<difficult>0</difficult>
		<bndbox>
			<xmin>136</xmin>
			<ymin>3</ymin>
			<xmax>456</xmax>
			<ymax>231</ymax>
		</bndbox>
	</object>
</annotation>
