<annotation>
	<folder>badger_resized</folder>
	<filename>honey-badger (3).jpg</filename>
	<path>C:\Users\pavol.bujna\Downloads\Jetson Nano\images\badger_resized\honey-badger (3).jpg</path>
	<source>
		<database>Unknown</database>
	</source>
	<size>
		<width>720</width>
		<height>480</height>
		<depth>3</depth>
	</size>
	<segmented>0</segmented>
	<object>
		<name>badger</name>
		<pose>Unspecified</pose>
		<truncated>0</truncated>
		<difficult>0</difficult>
		<bndbox>
			<xmin>104</xmin>
			<ymin>56</ymin>
			<xmax>634</xmax>
			<ymax>441</ymax>
		</bndbox>
	</object>
</annotation>
