<annotation>
	<folder>badger_resized</folder>
	<filename>Javan_Ferret-badger.jpg</filename>
	<path>C:\Users\pavol.bujna\Downloads\Jetson Nano\images\badger_resized\Javan_Ferret-badger.jpg</path>
	<source>
		<database>Unknown</database>
	</source>
	<size>
		<width>720</width>
		<height>758</height>
		<depth>3</depth>
	</size>
	<segmented>0</segmented>
	<object>
		<name>badger</name>
		<pose>Unspecified</pose>
		<truncated>0</truncated>
		<difficult>0</difficult>
		<bndbox>
			<xmin>191</xmin>
			<ymin>81</ymin>
			<xmax>710</xmax>
			<ymax>618</ymax>
		</bndbox>
	</object>
</annotation>
