<annotation>
	<folder>fox_resized</folder>
	<filename>juniper-fox-happiest-instagram-fb4-png__700.jpg</filename>
	<path>C:\Users\pavol.bujna\Downloads\Jetson Nano\images\fox_resized\juniper-fox-happiest-instagram-fb4-png__700.jpg</path>
	<source>
		<database>Unknown</database>
	</source>
	<size>
		<width>720</width>
		<height>379</height>
		<depth>3</depth>
	</size>
	<segmented>0</segmented>
	<object>
		<name>fox</name>
		<pose>Unspecified</pose>
		<truncated>0</truncated>
		<difficult>0</difficult>
		<bndbox>
			<xmin>49</xmin>
			<ymin>3</ymin>
			<xmax>324</xmax>
			<ymax>333</ymax>
		</bndbox>
	</object>
	<object>
		<name>fox</name>
		<pose>Unspecified</pose>
		<truncated>0</truncated>
		<difficult>0</difficult>
		<bndbox>
			<xmin>401</xmin>
			<ymin>59</ymin>
			<xmax>675</xmax>
			<ymax>314</ymax>
		</bndbox>
	</object>
</annotation>
