<annotation>
	<folder>fox_resized</folder>
	<filename>juniper-fox-happiest-instagram-19.jpg</filename>
	<path>C:\Users\pavol.bujna\Downloads\Jetson Nano\images\fox_resized\juniper-fox-happiest-instagram-19.jpg</path>
	<source>
		<database>Unknown</database>
	</source>
	<size>
		<width>720</width>
		<height>720</height>
		<depth>3</depth>
	</size>
	<segmented>0</segmented>
	<object>
		<name>fox</name>
		<pose>Unspecified</pose>
		<truncated>0</truncated>
		<difficult>0</difficult>
		<bndbox>
			<xmin>20</xmin>
			<ymin>3</ymin>
			<xmax>700</xmax>
			<ymax>708</ymax>
		</bndbox>
	</object>
</annotation>
