<annotation>
	<folder>fox_resized</folder>
	<filename>london-news-fox-attack-woman-sleep-rabies-danger-977564.jpg</filename>
	<path>C:\Users\pavol.bujna\Downloads\Jetson Nano\images\fox_resized\london-news-fox-attack-woman-sleep-rabies-danger-977564.jpg</path>
	<source>
		<database>Unknown</database>
	</source>
	<size>
		<width>720</width>
		<height>427</height>
		<depth>3</depth>
	</size>
	<segmented>0</segmented>
	<object>
		<name>fox</name>
		<pose>Unspecified</pose>
		<truncated>0</truncated>
		<difficult>0</difficult>
		<bndbox>
			<xmin>67</xmin>
			<ymin>48</ymin>
			<xmax>666</xmax>
			<ymax>413</ymax>
		</bndbox>
	</object>
</annotation>
