<annotation>
	<folder>badger_resized</folder>
	<filename>low-light-shy-badger-e1507201319830.jpg</filename>
	<path>C:\Users\pavol.bujna\Downloads\Jetson Nano\images\badger_resized\low-light-shy-badger-e1507201319830.jpg</path>
	<source>
		<database>Unknown</database>
	</source>
	<size>
		<width>720</width>
		<height>432</height>
		<depth>3</depth>
	</size>
	<segmented>0</segmented>
	<object>
		<name>badger</name>
		<pose>Unspecified</pose>
		<truncated>0</truncated>
		<difficult>0</difficult>
		<bndbox>
			<xmin>52</xmin>
			<ymin>10</ymin>
			<xmax>654</xmax>
			<ymax>405</ymax>
		</bndbox>
	</object>
</annotation>
