<annotation>
	<folder>badger_resized</folder>
	<filename>Orphaned-badger-Rosie-8730MW.jpg</filename>
	<path>C:\Users\pavol.bujna\Downloads\Jetson Nano\images\badger_resized\Orphaned-badger-Rosie-8730MW.jpg</path>
	<source>
		<database>Unknown</database>
	</source>
	<size>
		<width>720</width>
		<height>464</height>
		<depth>3</depth>
	</size>
	<segmented>0</segmented>
	<object>
		<name>badger</name>
		<pose>Unspecified</pose>
		<truncated>0</truncated>
		<difficult>0</difficult>
		<bndbox>
			<xmin>46</xmin>
			<ymin>5</ymin>
			<xmax>521</xmax>
			<ymax>455</ymax>
		</bndbox>
	</object>
</annotation>
