<annotation>
	<folder>fox_resized</folder>
	<filename>papers.co-nz39-little-fox-animal-cute-nature-40-wallpaper.jpg</filename>
	<path>C:\Users\pavol.bujna\Downloads\Jetson Nano\images\fox_resized\papers.co-nz39-little-fox-animal-cute-nature-40-wallpaper.jpg</path>
	<source>
		<database>Unknown</database>
	</source>
	<size>
		<width>720</width>
		<height>720</height>
		<depth>3</depth>
	</size>
	<segmented>0</segmented>
	<object>
		<name>fox</name>
		<pose>Unspecified</pose>
		<truncated>0</truncated>
		<difficult>0</difficult>
		<bndbox>
			<xmin>214</xmin>
			<ymin>184</ymin>
			<xmax>525</xmax>
			<ymax>704</ymax>
		</bndbox>
	</object>
</annotation>
