<annotation>
	<folder>badger_resized</folder>
	<filename>PZ badger cubs LR.jpg</filename>
	<path>C:\Users\pavol.bujna\Downloads\Jetson Nano\images\badger_resized\PZ badger cubs LR.jpg</path>
	<source>
		<database>Unknown</database>
	</source>
	<size>
		<width>720</width>
		<height>573</height>
		<depth>3</depth>
	</size>
	<segmented>0</segmented>
	<object>
		<name>badger</name>
		<pose>Unspecified</pose>
		<truncated>0</truncated>
		<difficult>0</difficult>
		<bndbox>
			<xmin>16</xmin>
			<ymin>194</ymin>
			<xmax>364</xmax>
			<ymax>413</ymax>
		</bndbox>
	</object>
	<object>
		<name>badger</name>
		<pose>Unspecified</pose>
		<truncated>0</truncated>
		<difficult>0</difficult>
		<bndbox>
			<xmin>74</xmin>
			<ymin>113</ymin>
			<xmax>460</xmax>
			<ymax>350</ymax>
		</bndbox>
	</object>
	<object>
		<name>badger</name>
		<pose>Unspecified</pose>
		<truncated>0</truncated>
		<difficult>0</difficult>
		<bndbox>
			<xmin>238</xmin>
			<ymin>82</ymin>
			<xmax>619</xmax>
			<ymax>266</ymax>
		</bndbox>
	</object>
</annotation>
