<annotation>
	<folder>fox_resized</folder>
	<filename>Red-fox-winter-South-China-4-Hal-Winters.jpg</filename>
	<path>C:\Users\pavol.bujna\Downloads\Jetson Nano\images\fox_resized\Red-fox-winter-South-China-4-Hal-Winters.jpg</path>
	<source>
		<database>Unknown</database>
	</source>
	<size>
		<width>720</width>
		<height>474</height>
		<depth>3</depth>
	</size>
	<segmented>0</segmented>
	<object>
		<name>fox</name>
		<pose>Unspecified</pose>
		<truncated>0</truncated>
		<difficult>0</difficult>
		<bndbox>
			<xmin>58</xmin>
			<ymin>72</ymin>
			<xmax>668</xmax>
			<ymax>444</ymax>
		</bndbox>
	</object>
</annotation>
