<annotation>
	<folder>fox_resized</folder>
	<filename>red-fox-photos-snow-roeselien-raimond-6.jpg</filename>
	<path>C:\Users\pavol.bujna\Downloads\Jetson Nano\images\fox_resized\red-fox-photos-snow-roeselien-raimond-6.jpg</path>
	<source>
		<database>Unknown</database>
	</source>
	<size>
		<width>720</width>
		<height>480</height>
		<depth>3</depth>
	</size>
	<segmented>0</segmented>
	<object>
		<name>fox</name>
		<pose>Unspecified</pose>
		<truncated>0</truncated>
		<difficult>0</difficult>
		<bndbox>
			<xmin>51</xmin>
			<ymin>103</ymin>
			<xmax>413</xmax>
			<ymax>439</ymax>
		</bndbox>
	</object>
</annotation>
