<annotation>
	<folder>fox_resized</folder>
	<filename>red-fox-with-pup.jpg</filename>
	<path>C:\Users\pavol.bujna\Downloads\Jetson Nano\images\fox_resized\red-fox-with-pup.jpg</path>
	<source>
		<database>Unknown</database>
	</source>
	<size>
		<width>720</width>
		<height>480</height>
		<depth>3</depth>
	</size>
	<segmented>0</segmented>
	<object>
		<name>fox</name>
		<pose>Unspecified</pose>
		<truncated>0</truncated>
		<difficult>0</difficult>
		<bndbox>
			<xmin>30</xmin>
			<ymin>209</ymin>
			<xmax>365</xmax>
			<ymax>479</ymax>
		</bndbox>
	</object>
	<object>
		<name>fox</name>
		<pose>Unspecified</pose>
		<truncated>1</truncated>
		<difficult>0</difficult>
		<bndbox>
			<xmin>276</xmin>
			<ymin>1</ymin>
			<xmax>717</xmax>
			<ymax>474</ymax>
		</bndbox>
	</object>
</annotation>
