<annotation>
	<folder>fox_resized</folder>
	<filename>red-fox-with-black-paws-sitting-dejavu-designs.jpg</filename>
	<path>C:\Users\pavol.bujna\Downloads\Jetson Nano\images\fox_resized\red-fox-with-black-paws-sitting-dejavu-designs.jpg</path>
	<source>
		<database>Unknown</database>
	</source>
	<size>
		<width>720</width>
		<height>1087</height>
		<depth>3</depth>
	</size>
	<segmented>0</segmented>
	<object>
		<name>fox</name>
		<pose>Unspecified</pose>
		<truncated>0</truncated>
		<difficult>0</difficult>
		<bndbox>
			<xmin>159</xmin>
			<ymin>134</ymin>
			<xmax>610</xmax>
			<ymax>951</ymax>
		</bndbox>
	</object>
</annotation>
