<annotation>
	<folder>fox_resized</folder>
	<filename>red-fox-in-snow-87988805-d6852e9e26154a6b8dbe78e1878c4341.jpg</filename>
	<path>C:\Users\pavol.bujna\Downloads\Jetson Nano\images\fox_resized\red-fox-in-snow-87988805-d6852e9e26154a6b8dbe78e1878c4341.jpg</path>
	<source>
		<database>Unknown</database>
	</source>
	<size>
		<width>720</width>
		<height>405</height>
		<depth>3</depth>
	</size>
	<segmented>0</segmented>
	<object>
		<name>fox</name>
		<pose>Unspecified</pose>
		<truncated>0</truncated>
		<difficult>0</difficult>
		<bndbox>
			<xmin>178</xmin>
			<ymin>90</ymin>
			<xmax>686</xmax>
			<ymax>356</ymax>
		</bndbox>
	</object>
</annotation>
