<annotation>
	<folder>fox_resized</folder>
	<filename>red-fox-arctic-fox-clip-art-portable-network-graphics-png-favpng-nH5Dscx7id0XyC6FsTqdN3xCR.jpg</filename>
	<path>C:\Users\pavol.bujna\Downloads\Jetson Nano\images\fox_resized\red-fox-arctic-fox-clip-art-portable-network-graphics-png-favpng-nH5Dscx7id0XyC6FsTqdN3xCR.jpg</path>
	<source>
		<database>Unknown</database>
	</source>
	<size>
		<width>720</width>
		<height>720</height>
		<depth>3</depth>
	</size>
	<segmented>0</segmented>
	<object>
		<name>fox</name>
		<pose>Unspecified</pose>
		<truncated>0</truncated>
		<difficult>0</difficult>
		<bndbox>
			<xmin>225</xmin>
			<ymin>149</ymin>
			<xmax>683</xmax>
			<ymax>562</ymax>
		</bndbox>
	</object>
</annotation>
