<annotation>
	<folder>fox_resized</folder>
	<filename>red-fox-with-mouth-open-wide-closeup-picture-id200130702-001.jpg</filename>
	<path>C:\Users\pavol.bujna\Downloads\Jetson Nano\images\fox_resized\red-fox-with-mouth-open-wide-closeup-picture-id200130702-001.jpg</path>
	<source>
		<database>Unknown</database>
	</source>
	<size>
		<width>720</width>
		<height>1081</height>
		<depth>3</depth>
	</size>
	<segmented>0</segmented>
	<object>
		<name>fox</name>
		<pose>Unspecified</pose>
		<truncated>1</truncated>
		<difficult>0</difficult>
		<bndbox>
			<xmin>6</xmin>
			<ymin>92</ymin>
			<xmax>717</xmax>
			<ymax>1081</ymax>
		</bndbox>
	</object>
</annotation>
