<annotation>
	<folder>fox_resized</folder>
	<filename>red-fox-arctic-fox-clip-art-png-favpng-Lu6mSQDby9tYEwPBi7qRJx13e.jpg</filename>
	<path>C:\Users\pavol.bujna\Downloads\Jetson Nano\images\fox_resized\red-fox-arctic-fox-clip-art-png-favpng-Lu6mSQDby9tYEwPBi7qRJx13e.jpg</path>
	<source>
		<database>Unknown</database>
	</source>
	<size>
		<width>720</width>
		<height>902</height>
		<depth>3</depth>
	</size>
	<segmented>0</segmented>
	<object>
		<name>fox</name>
		<pose>Unspecified</pose>
		<truncated>1</truncated>
		<difficult>0</difficult>
		<bndbox>
			<xmin>7</xmin>
			<ymin>9</ymin>
			<xmax>716</xmax>
			<ymax>902</ymax>
		</bndbox>
	</object>
</annotation>
