<annotation>
	<folder>fox_resized</folder>
	<filename>Red-foxes-insects-rodents-fruit-grain-carrion.jpg</filename>
	<path>C:\Users\pavol.bujna\Downloads\Jetson Nano\images\fox_resized\Red-foxes-insects-rodents-fruit-grain-carrion.jpg</path>
	<source>
		<database>Unknown</database>
	</source>
	<size>
		<width>720</width>
		<height>596</height>
		<depth>3</depth>
	</size>
	<segmented>0</segmented>
	<object>
		<name>fox</name>
		<pose>Unspecified</pose>
		<truncated>0</truncated>
		<difficult>0</difficult>
		<bndbox>
			<xmin>152</xmin>
			<ymin>39</ymin>
			<xmax>500</xmax>
			<ymax>586</ymax>
		</bndbox>
	</object>
</annotation>
