<annotation>
	<folder>fox_resized</folder>
	<filename>red_fox_sean_pettersen_header.jpg</filename>
	<path>C:\Users\pavol.bujna\Downloads\Jetson Nano\images\fox_resized\red_fox_sean_pettersen_header.jpg</path>
	<source>
		<database>Unknown</database>
	</source>
	<size>
		<width>720</width>
		<height>432</height>
		<depth>3</depth>
	</size>
	<segmented>0</segmented>
	<object>
		<name>fox</name>
		<pose>Unspecified</pose>
		<truncated>0</truncated>
		<difficult>0</difficult>
		<bndbox>
			<xmin>335</xmin>
			<ymin>139</ymin>
			<xmax>677</xmax>
			<ymax>363</ymax>
		</bndbox>
	</object>
</annotation>
