<annotation>
	<folder>fox_resized</folder>
	<filename>redfoxkitGoreLamarusfw.jpg</filename>
	<path>C:\Users\pavol.bujna\Downloads\Jetson Nano\images\fox_resized\redfoxkitGoreLamarusfw.jpg</path>
	<source>
		<database>Unknown</database>
	</source>
	<size>
		<width>720</width>
		<height>539</height>
		<depth>3</depth>
	</size>
	<segmented>0</segmented>
	<object>
		<name>fox</name>
		<pose>Unspecified</pose>
		<truncated>0</truncated>
		<difficult>0</difficult>
		<bndbox>
			<xmin>257</xmin>
			<ymin>39</ymin>
			<xmax>707</xmax>
			<ymax>516</ymax>
		</bndbox>
	</object>
</annotation>
