<annotation>
	<folder>fox_resized</folder>
	<filename>road-kill_fox_southampton.jpg</filename>
	<path>C:\Users\pavol.bujna\Downloads\Jetson Nano\images\fox_resized\road-kill_fox_southampton.jpg</path>
	<source>
		<database>Unknown</database>
	</source>
	<size>
		<width>720</width>
		<height>478</height>
		<depth>3</depth>
	</size>
	<segmented>0</segmented>
	<object>
		<name>fox</name>
		<pose>Unspecified</pose>
		<truncated>0</truncated>
		<difficult>0</difficult>
		<bndbox>
			<xmin>3</xmin>
			<ymin>53</ymin>
			<xmax>608</xmax>
			<ymax>418</ymax>
		</bndbox>
	</object>
</annotation>
