<annotation>
	<folder>fox_resized</folder>
	<filename>Russia-fox-hunting-eggs-Wrangel-Island-Artic.jpg</filename>
	<path>C:\Users\pavol.bujna\Downloads\Jetson Nano\images\fox_resized\Russia-fox-hunting-eggs-Wrangel-Island-Artic.jpg</path>
	<source>
		<database>Unknown</database>
	</source>
	<size>
		<width>720</width>
		<height>405</height>
		<depth>3</depth>
	</size>
	<segmented>0</segmented>
	<object>
		<name>fox</name>
		<pose>Unspecified</pose>
		<truncated>0</truncated>
		<difficult>0</difficult>
		<bndbox>
			<xmin>47</xmin>
			<ymin>27</ymin>
			<xmax>323</xmax>
			<ymax>267</ymax>
		</bndbox>
	</object>
</annotation>
