<annotation>
	<folder>fox_resized</folder>
	<filename>silver-fox (1).jpg</filename>
	<path>C:\Users\pavol.bujna\Downloads\Jetson Nano\images\fox_resized\silver-fox (1).jpg</path>
	<source>
		<database>Unknown</database>
	</source>
	<size>
		<width>720</width>
		<height>421</height>
		<depth>3</depth>
	</size>
	<segmented>0</segmented>
	<object>
		<name>fox</name>
		<pose>Unspecified</pose>
		<truncated>1</truncated>
		<difficult>0</difficult>
		<bndbox>
			<xmin>1</xmin>
			<ymin>46</ymin>
			<xmax>498</xmax>
			<ymax>411</ymax>
		</bndbox>
	</object>
</annotation>
