<annotation>
	<folder>badger_resized</folder>
	<filename>skynews-badger-scotland_4286611.jpg</filename>
	<path>C:\Users\pavol.bujna\Downloads\Jetson Nano\images\badger_resized\skynews-badger-scotland_4286611.jpg</path>
	<source>
		<database>Unknown</database>
	</source>
	<size>
		<width>720</width>
		<height>405</height>
		<depth>3</depth>
	</size>
	<segmented>0</segmented>
	<object>
		<name>badger</name>
		<pose>Unspecified</pose>
		<truncated>0</truncated>
		<difficult>0</difficult>
		<bndbox>
			<xmin>4</xmin>
			<ymin>45</ymin>
			<xmax>604</xmax>
			<ymax>334</ymax>
		</bndbox>
	</object>
</annotation>
