<annotation>
	<folder>badger_resized</folder>
	<filename>the-asian-badger-3205397_1280.jpg</filename>
	<path>C:\Users\pavol.bujna\Downloads\Jetson Nano\images\badger_resized\the-asian-badger-3205397_1280.jpg</path>
	<source>
		<database>Unknown</database>
	</source>
	<size>
		<width>720</width>
		<height>405</height>
		<depth>3</depth>
	</size>
	<segmented>0</segmented>
	<object>
		<name>badger</name>
		<pose>Unspecified</pose>
		<truncated>1</truncated>
		<difficult>0</difficult>
		<bndbox>
			<xmin>163</xmin>
			<ymin>1</ymin>
			<xmax>592</xmax>
			<ymax>276</ymax>
		</bndbox>
	</object>
</annotation>
