<annotation>
	<folder>badger_resized</folder>
	<filename>tussling_badgers.jpg</filename>
	<path>C:\Users\pavol.bujna\Downloads\Jetson Nano\images\badger_resized\tussling_badgers.jpg</path>
	<source>
		<database>Unknown</database>
	</source>
	<size>
		<width>720</width>
		<height>448</height>
		<depth>3</depth>
	</size>
	<segmented>0</segmented>
	<object>
		<name>badger</name>
		<pose>Unspecified</pose>
		<truncated>0</truncated>
		<difficult>0</difficult>
		<bndbox>
			<xmin>289</xmin>
			<ymin>105</ymin>
			<xmax>460</xmax>
			<ymax>281</ymax>
		</bndbox>
	</object>
	<object>
		<name>badger</name>
		<pose>Unspecified</pose>
		<truncated>0</truncated>
		<difficult>0</difficult>
		<bndbox>
			<xmin>104</xmin>
			<ymin>151</ymin>
			<xmax>338</xmax>
			<ymax>330</ymax>
		</bndbox>
	</object>
	<object>
		<name>badger</name>
		<pose>Unspecified</pose>
		<truncated>0</truncated>
		<difficult>0</difficult>
		<bndbox>
			<xmin>75</xmin>
			<ymin>186</ymin>
			<xmax>268</xmax>
			<ymax>365</ymax>
		</bndbox>
	</object>
</annotation>
