<annotation>
	<folder>fox_resized</folder>
	<filename>uplace-science-animals-canids-uwurbancanidproject-fox-street.jpg</filename>
	<path>C:\Users\pavol.bujna\Downloads\Jetson Nano\images\fox_resized\uplace-science-animals-canids-uwurbancanidproject-fox-street.jpg</path>
	<source>
		<database>Unknown</database>
	</source>
	<size>
		<width>720</width>
		<height>526</height>
		<depth>3</depth>
	</size>
	<segmented>0</segmented>
	<object>
		<name>fox</name>
		<pose>Unspecified</pose>
		<truncated>0</truncated>
		<difficult>0</difficult>
		<bndbox>
			<xmin>213</xmin>
			<ymin>102</ymin>
			<xmax>702</xmax>
			<ymax>485</ymax>
		</bndbox>
	</object>
</annotation>
