<annotation>
	<folder>fox_resized</folder>
	<filename>Urban_fox_2_c_Jamie_Hall.jpg</filename>
	<path>C:\Users\pavol.bujna\Downloads\Jetson Nano\images\fox_resized\Urban_fox_2_c_Jamie_Hall.jpg</path>
	<source>
		<database>Unknown</database>
	</source>
	<size>
		<width>720</width>
		<height>391</height>
		<depth>3</depth>
	</size>
	<segmented>0</segmented>
	<object>
		<name>fox</name>
		<pose>Unspecified</pose>
		<truncated>0</truncated>
		<difficult>0</difficult>
		<bndbox>
			<xmin>271</xmin>
			<ymin>92</ymin>
			<xmax>506</xmax>
			<ymax>313</ymax>
		</bndbox>
	</object>
</annotation>
