<annotation>
	<folder>fox_resized</folder>
	<filename>what-would-a-combination-of-a-wolf-and-a-fox-look-like-11-pictures-10.jpg</filename>
	<path>C:\Users\pavol.bujna\Downloads\Jetson Nano\images\fox_resized\what-would-a-combination-of-a-wolf-and-a-fox-look-like-11-pictures-10.jpg</path>
	<source>
		<database>Unknown</database>
	</source>
	<size>
		<width>720</width>
		<height>480</height>
		<depth>3</depth>
	</size>
	<segmented>0</segmented>
	<object>
		<name>fox</name>
		<pose>Unspecified</pose>
		<truncated>0</truncated>
		<difficult>0</difficult>
		<bndbox>
			<xmin>73</xmin>
			<ymin>14</ymin>
			<xmax>447</xmax>
			<ymax>468</ymax>
		</bndbox>
	</object>
	<object>
		<name>fox</name>
		<pose>Unspecified</pose>
		<truncated>0</truncated>
		<difficult>0</difficult>
		<bndbox>
			<xmin>503</xmin>
			<ymin>245</ymin>
			<xmax>673</xmax>
			<ymax>431</ymax>
		</bndbox>
	</object>
</annotation>
