<annotation>
	<folder>badger_resized</folder>
	<filename>wildlife-trusts-badger-eating-gillian-lloyd.jpg</filename>
	<path>C:\Users\pavol.bujna\Downloads\Jetson Nano\images\badger_resized\wildlife-trusts-badger-eating-gillian-lloyd.jpg</path>
	<source>
		<database>Unknown</database>
	</source>
	<size>
		<width>720</width>
		<height>510</height>
		<depth>3</depth>
	</size>
	<segmented>0</segmented>
	<object>
		<name>badger</name>
		<pose>Unspecified</pose>
		<truncated>0</truncated>
		<difficult>0</difficult>
		<bndbox>
			<xmin>291</xmin>
			<ymin>215</ymin>
			<xmax>610</xmax>
			<ymax>464</ymax>
		</bndbox>
	</object>
</annotation>
