<annotation>
	<folder>badger_resized</folder>
	<filename>wildlife-trusts-badger-sniffing-air-bertie-gregory-2020vision.jpg</filename>
	<path>C:\Users\pavol.bujna\Downloads\Jetson Nano\images\badger_resized\wildlife-trusts-badger-sniffing-air-bertie-gregory-2020vision.jpg</path>
	<source>
		<database>Unknown</database>
	</source>
	<size>
		<width>720</width>
		<height>1018</height>
		<depth>3</depth>
	</size>
	<segmented>0</segmented>
	<object>
		<name>badger</name>
		<pose>Unspecified</pose>
		<truncated>0</truncated>
		<difficult>0</difficult>
		<bndbox>
			<xmin>53</xmin>
			<ymin>127</ymin>
			<xmax>712</xmax>
			<ymax>967</ymax>
		</bndbox>
	</object>
</annotation>
