<annotation>
	<folder>badger_resized</folder>
	<filename>wildlife_badger.jpg</filename>
	<path>C:\Users\pavol.bujna\Downloads\Jetson Nano\images\badger_resized\wildlife_badger.jpg</path>
	<source>
		<database>Unknown</database>
	</source>
	<size>
		<width>720</width>
		<height>517</height>
		<depth>3</depth>
	</size>
	<segmented>0</segmented>
	<object>
		<name>badger</name>
		<pose>Unspecified</pose>
		<truncated>0</truncated>
		<difficult>0</difficult>
		<bndbox>
			<xmin>85</xmin>
			<ymin>31</ymin>
			<xmax>622</xmax>
			<ymax>439</ymax>
		</bndbox>
	</object>
</annotation>
