<annotation>
	<folder>fox_resized</folder>
	<filename>zao-fox-village-japan-12.jpg</filename>
	<path>C:\Users\pavol.bujna\Downloads\Jetson Nano\images\fox_resized\zao-fox-village-japan-12.jpg</path>
	<source>
		<database>Unknown</database>
	</source>
	<size>
		<width>720</width>
		<height>540</height>
		<depth>3</depth>
	</size>
	<segmented>0</segmented>
	<object>
		<name>fox</name>
		<pose>Unspecified</pose>
		<truncated>1</truncated>
		<difficult>0</difficult>
		<bndbox>
			<xmin>1</xmin>
			<ymin>197</ymin>
			<xmax>172</xmax>
			<ymax>298</ymax>
		</bndbox>
	</object>
	<object>
		<name>fox</name>
		<pose>Unspecified</pose>
		<truncated>0</truncated>
		<difficult>0</difficult>
		<bndbox>
			<xmin>234</xmin>
			<ymin>172</ymin>
			<xmax>435</xmax>
			<ymax>439</ymax>
		</bndbox>
	</object>
	<object>
		<name>fox</name>
		<pose>Unspecified</pose>
		<truncated>0</truncated>
		<difficult>0</difficult>
		<bndbox>
			<xmin>448</xmin>
			<ymin>153</ymin>
			<xmax>650</xmax>
			<ymax>362</ymax>
		</bndbox>
	</object>
	<object>
		<name>fox</name>
		<pose>Unspecified</pose>
		<truncated>0</truncated>
		<difficult>0</difficult>
		<bndbox>
			<xmin>619</xmin>
			<ymin>106</ymin>
			<xmax>703</xmax>
			<ymax>180</ymax>
		</bndbox>
	</object>
	<object>
		<name>fox</name>
		<pose>Unspecified</pose>
		<truncated>0</truncated>
		<difficult>0</difficult>
		<bndbox>
			<xmin>432</xmin>
			<ymin>27</ymin>
			<xmax>507</xmax>
			<ymax>101</ymax>
		</bndbox>
	</object>
	<object>
		<name>fox</name>
		<pose>Unspecified</pose>
		<truncated>0</truncated>
		<difficult>0</difficult>
		<bndbox>
			<xmin>247</xmin>
			<ymin>68</ymin>
			<xmax>333</xmax>
			<ymax>124</ymax>
		</bndbox>
	</object>
	<object>
		<name>fox</name>
		<pose>Unspecified</pose>
		<truncated>0</truncated>
		<difficult>0</difficult>
		<bndbox>
			<xmin>158</xmin>
			<ymin>41</ymin>
			<xmax>205</xmax>
			<ymax>91</ymax>
		</bndbox>
	</object>
	<object>
		<name>fox</name>
		<pose>Unspecified</pose>
		<truncated>0</truncated>
		<difficult>0</difficult>
		<bndbox>
			<xmin>639</xmin>
			<ymin>73</ymin>
			<xmax>690</xmax>
			<ymax>120</ymax>
		</bndbox>
	</object>
	<object>
		<name>fox</name>
		<pose>Unspecified</pose>
		<truncated>0</truncated>
		<difficult>0</difficult>
		<bndbox>
			<xmin>675</xmin>
			<ymin>60</ymin>
			<xmax>700</xmax>
			<ymax>91</ymax>
		</bndbox>
	</object>
</annotation>
